Page Name,Link
Facebook,https://www.facebook.com/
Home,https://www.facebook.com/
"Watch, 10 notifications",https://www.facebook.com/watch/
Marketplace,https://www.facebook.com/marketplace/?ref=app_tab
"Groups, 3 notifications",https://www.facebook.com/groups/
Gaming,https://www.facebook.com/gaming/?ref=games_tab
More,https://www.facebook.com/bookmarks/
"Notifications, 1 unread",https://www.facebook.com/notifications/
See All in Messenger,https://www.facebook.com/messages/t/
New message,https://www.facebook.com/messages/t/new/
Biofloc Fish Farming BD,https://www.facebook.com/BioflocFishFarmingBangladesh/
Biofloc Bangladesh,https://www.facebook.com/BioflocBangladeshofficial/
Biofloc Product BD,https://www.facebook.com/BioflocProductBangladesh/
Dhaka Biofloc,https://www.facebook.com/Dhaka-Biofloc-109676534244480/
Ashulia Biofloc- A Scientific Aqua Culture System in Bangladesh,https://www.facebook.com/biofloc.ashulia/
Evergreen Biofloc Consultancy,https://www.facebook.com/BioflocConsultancy/
Biofloc Fish Farming System,https://www.facebook.com/Biofloc-Fish-Farming-System-104498868097840/
Biofloc accessories,https://www.facebook.com/Biofloc-accessories-111290727370627/
Biofloc Fish Farm Munshiganj,https://www.facebook.com/Biofloc2020/
বায়োফ্লক পদ্ধতি-তে মাছ চাষ প্রশিক্ষণ,https://www.facebook.com/rangpur.biofloc.training.instute/
Biofloc FishFactory Ltd.,https://www.facebook.com/Ferdous.A.Koreshi.Raihan/
Biofloc Bazar BD,https://www.facebook.com/Bioflocbazarbd.com.fb/
Biofloc Accessories Bangladesh,https://www.facebook.com/biofloc.accessories.bangladesh/
বায়োফ্লক মাছ চাষ তথ্য ও পরামর্শ,https://www.facebook.com/ModhumotiBiofloc/
Biofloc Bangladesh,https://www.facebook.com/Biofloc.xyz/
TP-Incubator & biofloc Zone,https://www.facebook.com/Agriculture.machinery.company/
Biofloc Fish Farm & Accessories Dhaka,https://www.facebook.com/bffaad/
"Biofloc Fish Farming, Dhaka",https://www.facebook.com/BioflocFishFarmingDhaka/
BioSol Centre,https://www.facebook.com/biosolcentre/
Aqueous Biofloc Consultancy Bangladesh,https://www.facebook.com/AqueousBioflocConsultancyBD/
The Biofloc Technology,https://www.facebook.com/TheBioflocTechnology/
Biofloc Fish Farming Sadarpur,https://www.facebook.com/Biofloc-Fish-Farming-Sadarpur-105871388169540/
Biofloc Aquaculture Products Bangladesh,https://www.facebook.com/BioflocCare/
Fastrack Bangladesh.co,https://www.facebook.com/FASTRACKBANGLADESH.CO/
Biofloc / বায়োফ্লক প্রযুক্তি Online Shop,https://www.facebook.com/AbidEnterprise.ngn/
Bionic System,https://www.facebook.com/bionicsystembd/
Biofloc Association of Bangladesh,https://www.facebook.com/Biofloc-Association-of-Bangladesh-111793240447652/
Maa Biofloc Fish Farm,https://www.facebook.com/Maa-Biofloc-Fish-Farm-109884734237842/
Dhaka biofloc blue fish aquarium,https://www.facebook.com/Dhaka-biofloc-blue-fish-aquarium-107441467695718/
Biofloc Bangladesh,https://www.facebook.com/hajiagrocity/
Fish Aquarium Biofloc all product Katabon সুলভ মূল্যয়ে পন্য বিক্রেতা।,https://www.facebook.com/Fish-Aquarium-Biofloc-all-product-Katabon-%E0%A6%B8%E0%A7%81%E0%A6%B2%E0%A6%AD-%E0%A6%AE%E0%A7%82%E0%A6%B2%E0%A7%8D%E0%A6%AF%E0%A7%9F%E0%A7%87-%E0%A6%AA%E0%A6%A8%E0%A7%8D%E0%A6%AF-%E0%A6%AC%E0%A6%BF%E0%A6%95%E0%A7%8D%E0%A6%B0%E0%A7%87%E0%A6%A4%E0%A6%BE-111063210701639/
Biotin Supplement Bangladesh,https://www.facebook.com/tablet.coma/
Bangladesh biofloc fish association,https://www.facebook.com/Bangladesh-biofloc-fish-association-106244094666115/
Bioderma Bangladesh,https://www.facebook.com/Biodermabangladesh1/
Critical Biofloc Fishfarm Technology,https://www.facebook.com/BioflocBFT/
Biofloc Express Bangladesh,https://www.facebook.com/bioflocproducts/
LY Biofloc Bd Gazipur,https://www.facebook.com/lybioflocbd/
Biofloc Farming Accessorise House.,https://www.facebook.com/profile.php?id=100037188643201
Biofloc in Bangladesh,https://www.facebook.com/Biofloc-in-Bangladesh-108627320563861/
Biofloc fish bangladesh,https://www.facebook.com/Biofloc-fish-bangladesh-102473174990852/
বায়োফ্লক প্রশিক্ষণ বাংলাদেশ,https://www.facebook.com/BangladeshBioflocTraining/
Bondhu Biofloc Fish Farming,https://www.facebook.com/bondhubiofloc/
Bondhur Sriti Biofloc Fish Farm,https://www.facebook.com/BondhurSritiBiofloc/
Biofloc,https://www.facebook.com/Biofloc24/
Bulb Plant In Bangladesh,https://www.facebook.com/Amarylilysbd/
Succulent Hope in Bangladesh,https://www.facebook.com/Succulent-Hope-in-Bangladesh-103990771370268/
Authentic Biofloc,https://www.facebook.com/AuthenticBiofloc/
Biofloc fish farming in Bangladesh,https://www.facebook.com/SM.Agro.Gazipur/
Bangladesh Institute of Plastic Engineering and Technology - BIPET,https://www.facebook.com/BipetOfficialPage/
Hindus of Bangladesh,https://www.facebook.com/bdsanantanis/
Biofloc Tank,https://www.facebook.com/BioflocTank/
Bangladesh Biofloc Training Center,https://www.facebook.com/bbtc100/
Blockchain Olympiad Bangladesh,https://www.facebook.com/BCOLBD/
Najifa biofloc fish farmer products,https://www.facebook.com/NBFFP/
Biofloc Fish farming BD,https://www.facebook.com/bioflocfishfarmingbds/
Biofloc Technology Bangladesh,https://www.facebook.com/biofloctechbd/
BD Technology,https://www.facebook.com/bdtechnologyltd/
Biofloc fish farming-বায়োফ্লক পদ্ধতিতে মাছ চাষ,https://www.facebook.com/Biofloc-fish-farming-%E0%A6%AC%E0%A6%BE%E0%A7%9F%E0%A7%8B%E0%A6%AB%E0%A7%8D%E0%A6%B2%E0%A6%95-%E0%A6%AA%E0%A6%A6%E0%A7%8D%E0%A6%A7%E0%A6%A4%E0%A6%BF%E0%A6%A4%E0%A7%87-%E0%A6%AE%E0%A6%BE%E0%A6%9B-%E0%A6%9A%E0%A6%BE%E0%A6%B7-101374241268581/
Orbital welding Machine in Bangladesh,https://www.facebook.com/Orbital-welding-Machine-in-Bangladesh-106898930895671/
Bangladesh Astronomical Society,https://www.facebook.com/bdastronomy
HVAC System Bangladesh,https://www.facebook.com/HVAC-System-Bangladesh-2308798882769959/
YMZ Biofloc Sylhet,https://www.facebook.com/ymzbioflocsylhet/
Quality BioFloc Products,https://www.facebook.com/QualityBioFlocProducts/
Biofloc Project Narsingdi,https://www.facebook.com/Biofloc-Project-Narsingdi-100831745380953/
Biofloc BD বায়োফ্লক বিডি,https://www.facebook.com/Bioflocbdcommunity/
F2 Biofloc Systems,https://www.facebook.com/F2-Biofloc-Systems-109962273782972/
Association of Bangladesh-China Alumni,https://www.facebook.com/alumnibdchina/
Orbis in Bangladesh,https://www.facebook.com/orbisinbangladesh/
Biofloc and Colour Fish Farm pabna,https://www.facebook.com/Biofloc-and-Colour-Fish-Farm-pabna-101812225420184/
Bitcoin Bangladesh,https://www.facebook.com/Bitcoin-Bangladesh-361468517585120/
New Bio-Floc Fish Farming,https://www.facebook.com/New-Bio-Floc-Fish-Farming-102818101581048/
BFDC-Bangladesh Film Development Corporation,https://www.facebook.com/ZahidMazumderfm/
Trim Solution Bangladesh.,https://www.facebook.com/Trim-Solution-Bangladesh-533425153702638/
Security System Install & Repair Service in Bangladesh,https://www.facebook.com/cctvserviceinbangladesh/
Bitcoin Bangladesh,https://www.facebook.com/btcbangladeshforum/
Solar system instilistion bangladesh,https://www.facebook.com/Solarsysteminstilistionbangladesh/
Bangladesh  Services,https://www.facebook.com/newsofbdgovt/
Green Bangladesh,https://www.facebook.com/greenbangladesh.net
PU Floor In Bangladesh,https://www.facebook.com/PU-Floor-In-Bangladesh-110092183844693/
Nature of Bangladesh,https://www.facebook.com/NaturarlBD/
BIOAQUA Bangladesh,https://www.facebook.com/bioaquabd1/
Bus Simulator Bangladesh,https://www.facebook.com/bsb.rpbd/
Pharmacy Bangladesh,https://www.facebook.com/OnlinePharmacyBangladesh/
RecycleBin Of Bangladesh,https://www.facebook.com/RecycleBinOfBangladesh/
Nature of Bangladesh.,https://www.facebook.com/Nature-of-Bangladesh-2320249184860212/
Bangladesh Bureau of Statistics,https://www.facebook.com/Bangladesh-Bureau-of-Statistics-687379601305130/
Bangladesh-China Power Company (PVT.) Limited,https://www.facebook.com/Bangladesh-China-Power-Company-PVT-Limited-1750477768532669/
Hair Building Fiber User BD,https://www.facebook.com/wmssolution/
Bangladesh Biology Olympiad,https://www.facebook.com/bdbo.org/
Holcim Cement Bangladesh,https://www.facebook.com/holcimbangladesh/
K.I. Fish Farm & Biofloc Technology,https://www.facebook.com/KI-Fish-Farm-Biofloc-Technology-106482834422174/
Biofloc society of Bangladesh,https://www.facebook.com/bioflocsocietybd/
Biofloc Equipments and Consultancy,https://www.facebook.com/Biofloc-Equipments-and-Consultancy-104333538179549/
Biofloc fish farm rangpur,https://www.facebook.com/Mdmehedihassanheaven/
Biofloc product sell,https://www.facebook.com/Biofloc-product-sell-113864026668862/
Original Biomanix in Bangladesh,https://www.facebook.com/Biomanixdhaka/
News Biofloc BD,https://www.facebook.com/newsbioflocbd/
Better Life Agro & Biofloc fish farm,https://www.facebook.com/BetterLifeMartbd/
Original Watch Bangladesh,https://www.facebook.com/originalwatchbangladesh/
PLum Bangladesh,https://www.facebook.com/plumbangladesh/
