Page Name,Link
Facebook,https://www.facebook.com/
Home,https://www.facebook.com/
"Watch, 10 notifications",https://www.facebook.com/watch/
Marketplace,https://www.facebook.com/marketplace/?ref=app_tab
"Groups, 3 notifications",https://www.facebook.com/groups/
Gaming,https://www.facebook.com/gaming/?ref=games_tab
More,https://www.facebook.com/bookmarks/
"Notifications, 1 unread",https://www.facebook.com/notifications/
See All in Messenger,https://www.facebook.com/messages/t/
New message,https://www.facebook.com/messages/t/new/
Learning Bangladesh,https://www.facebook.com/learningbangladesh71/
Biofloc Bangladesh,https://www.facebook.com/BioflocBangladeshofficial/
Biofloc Product BD,https://www.facebook.com/BioflocProductBangladesh/
Biofloc Fish Farming BD,https://www.facebook.com/BioflocFishFarmingBangladesh/
Kryolan Bangladesh,https://www.facebook.com/KryolanBD/
Dhaka Biofloc,https://www.facebook.com/Dhaka-Biofloc-109676534244480/
Evergreen Biofloc Consultancy,https://www.facebook.com/BioflocConsultancy/
Biofloc accessories,https://www.facebook.com/Biofloc-accessories-111290727370627/
Biofloc Bazar BD,https://www.facebook.com/Bioflocbazarbd.com.fb/
Biofloc Accessories Bangladesh,https://www.facebook.com/biofloc.accessories.bangladesh/
Biofloc Bangladesh,https://www.facebook.com/Biofloc.xyz/
Biofloc Fish Farm & Accessories Dhaka,https://www.facebook.com/bffaad/
BioSol Centre,https://www.facebook.com/biosolcentre/
বিপণন বাংলাদেশ,https://www.facebook.com/Bipononbangladesh/
"Biofloc Fish Farming, Dhaka",https://www.facebook.com/BioflocFishFarmingDhaka/
Aqueous Biofloc Consultancy Bangladesh,https://www.facebook.com/AqueousBioflocConsultancyBD/
Biofloc / বায়োফ্লক প্রযুক্তি Online Shop,https://www.facebook.com/AbidEnterprise.ngn/
The Biofloc Technology,https://www.facebook.com/TheBioflocTechnology/
Biofloc Aquaculture Products Bangladesh,https://www.facebook.com/BioflocCare/
Biofloc Fish Farming Sadarpur,https://www.facebook.com/Biofloc-Fish-Farming-Sadarpur-105871388169540/
Biofloc Association of Bangladesh,https://www.facebook.com/Biofloc-Association-of-Bangladesh-111793240447652/
Biofloc Bangladesh,https://www.facebook.com/hajiagrocity/
Fish Aquarium Biofloc all product Katabon সুলভ মূল্যয়ে পন্য বিক্রেতা।,https://www.facebook.com/Fish-Aquarium-Biofloc-all-product-Katabon-%E0%A6%B8%E0%A7%81%E0%A6%B2%E0%A6%AD-%E0%A6%AE%E0%A7%82%E0%A6%B2%E0%A7%8D%E0%A6%AF%E0%A7%9F%E0%A7%87-%E0%A6%AA%E0%A6%A8%E0%A7%8D%E0%A6%AF-%E0%A6%AC%E0%A6%BF%E0%A6%95%E0%A7%8D%E0%A6%B0%E0%A7%87%E0%A6%A4%E0%A6%BE-111063210701639/
Biofloc in Bangladesh,https://www.facebook.com/Biofloc-in-Bangladesh-108627320563861/
Biotin Supplement Bangladesh,https://www.facebook.com/tablet.coma/
Biofloc Farming Accessorise House.,https://www.facebook.com/profile.php?id=100037188643201
Biofloc Express Bangladesh,https://www.facebook.com/bioflocproducts/
Bangladesh biofloc fish association,https://www.facebook.com/Bangladesh-biofloc-fish-association-106244094666115/
Biofloc Fish Farming System,https://www.facebook.com/Biofloc-Fish-Farming-System-104498868097840/
Biofloc fish bangladesh,https://www.facebook.com/Biofloc-fish-bangladesh-102473174990852/
Dhaka biofloc blue fish aquarium,https://www.facebook.com/Dhaka-biofloc-blue-fish-aquarium-107441467695718/
Blockchain Olympiad Bangladesh,https://www.facebook.com/BCOLBD/
Critical Biofloc Fishfarm Technology,https://www.facebook.com/BioflocBFT/
LY Biofloc Bd Gazipur,https://www.facebook.com/lybioflocbd/
Palong Biofloc fish farm,https://www.facebook.com/palong.biofioc/
Bangladesh Biofloc Training Center,https://www.facebook.com/bbtc100/
Biofloc,https://www.facebook.com/Biofloc24/
Bioderma Bangladesh,https://www.facebook.com/Biodermabangladesh1/
Maa Biofloc Fish Farm,https://www.facebook.com/Maa-Biofloc-Fish-Farm-109884734237842/
Biofloc fish farming in Bangladesh,https://www.facebook.com/SM.Agro.Gazipur/
Bondhur Sriti Biofloc Fish Farm,https://www.facebook.com/BondhurSritiBiofloc/
Learn Bangladesh,https://www.facebook.com/Learn-Bangladesh-595742890949691/
Succulent Hope in Bangladesh,https://www.facebook.com/Succulent-Hope-in-Bangladesh-103990771370268/
Healthcare Pharmaceuticals Limited,https://www.facebook.com/hplbd.com.bd/
Bondhu Biofloc Fish Farming,https://www.facebook.com/bondhubiofloc/
Biofloc Project Narsingdi,https://www.facebook.com/Biofloc-Project-Narsingdi-100831745380953/
Biofloc Tank,https://www.facebook.com/BioflocTank/
Authentic Biofloc,https://www.facebook.com/AuthenticBiofloc/
Biofloc Fish farming BD,https://www.facebook.com/bioflocfishfarmingbds/
Biofloc fish farming-বায়োফ্লক পদ্ধতিতে মাছ চাষ,https://www.facebook.com/Biofloc-fish-farming-%E0%A6%AC%E0%A6%BE%E0%A7%9F%E0%A7%8B%E0%A6%AB%E0%A7%8D%E0%A6%B2%E0%A6%95-%E0%A6%AA%E0%A6%A6%E0%A7%8D%E0%A6%A7%E0%A6%A4%E0%A6%BF%E0%A6%A4%E0%A7%87-%E0%A6%AE%E0%A6%BE%E0%A6%9B-%E0%A6%9A%E0%A6%BE%E0%A6%B7-101374241268581/
Biofloc Technology Bangladesh,https://www.facebook.com/biofloctechbd/
SR Biofloc Fish Farm,https://www.facebook.com/SR-Biofloc-Fish-Farm-105431171543582/
BIM - Bangladesh Institute of Management,https://www.facebook.com/BIM.Bangladesh/
Japanese language learning - In Bangladesh,https://www.facebook.com/Japanese-language-learning-In-Bangladesh-201465370538829/
Bangladesh Learning Council,https://www.facebook.com/bangladesh.learning.council/
Biofloc BD বায়োফ্লক বিডি,https://www.facebook.com/Bioflocbdcommunity/
Shikder Biofloc Fishery,https://www.facebook.com/S.B.Fishery/
Learn Bangladesh,https://www.facebook.com/Learn-Bangladesh-100242904986678/
Bangladesh Global Learning Center,https://www.facebook.com/all4education/
Study in Bangladesh,https://www.facebook.com/StudyinBangladesh/
Keep Learning Bangladesh,https://www.facebook.com/keeplearningbd/
Google Bangladesh,https://www.facebook.com/googlebengali/
Association of Bangladesh-China Alumni,https://www.facebook.com/alumnibdchina/
Bitcoin Bangladesh,https://www.facebook.com/Bitcoin-Bangladesh-361468517585120/
Homeopathy Bangladesh,https://www.facebook.com/HomeopathyBangladesh123/
Biofloc and Colour Fish Farm pabna,https://www.facebook.com/Biofloc-and-Colour-Fish-Farm-pabna-101812225420184/
Trim Solution Bangladesh.,https://www.facebook.com/Trim-Solution-Bangladesh-533425153702638/
Orbis in Bangladesh,https://www.facebook.com/orbisinbangladesh/
New Bio-Floc Fish Farming,https://www.facebook.com/New-Bio-Floc-Fish-Farming-102818101581048/
Bangladesh  Services,https://www.facebook.com/newsofbdgovt/
BFDC-Bangladesh Film Development Corporation,https://www.facebook.com/ZahidMazumderfm/
Sun Pharmaceutical Bangladesh Limited,https://www.facebook.com/Sun-Pharmaceutical-Bangladesh-Limited-111441237294421/
ARISH Bionaturals Bangladesh,https://www.facebook.com/ARISHBionaturalsBangladesh/
Bitcoin Bangladesh,https://www.facebook.com/btcbangladeshforum/
Green Bangladesh,https://www.facebook.com/greenbangladesh.net
PU Floor In Bangladesh,https://www.facebook.com/PU-Floor-In-Bangladesh-110092183844693/
Building IN Bangladesh,https://www.facebook.com/Building-IN-Bangladesh-103682868456549/
Pharma Solutions Bangladesh Limited,https://www.facebook.com/pharmasolutions.com.bd/
"Swimming pool builders in Bangladesh, Company 01975540004",https://www.facebook.com/swimmingpoolbuildersinbangladesh/
Freelancing training services in Bangladesh,https://www.facebook.com/Freelancing-training-services-in-Bangladesh-105067504953951/
Nature of Bangladesh.,https://www.facebook.com/Nature-of-Bangladesh-2320249184860212/
Online Led Business In Bangladesh,https://www.facebook.com/Online-Led-Business-In-Bangladesh-102276498489179/
BIOAQUA Bangladesh,https://www.facebook.com/bioaquabd1/
Bangladesh-China Power Company (PVT.) Limited,https://www.facebook.com/Bangladesh-China-Power-Company-PVT-Limited-1750477768532669/
BFDC Bangladesh Flim,https://www.facebook.com/BFDC-Bangladesh-Flim-1412258489082236/
Bangladesh Bureau of Statistics,https://www.facebook.com/Bangladesh-Bureau-of-Statistics-687379601305130/
Quality BioFloc Products,https://www.facebook.com/QualityBioFlocProducts/
BlueLand-Bangladesh,https://www.facebook.com/BlueLand-Bangladesh-102834041816483/
Bangladesh Biology Olympiad,https://www.facebook.com/bdbo.org/
Holcim Cement Bangladesh,https://www.facebook.com/holcimbangladesh/
Biofloc Equipments and Consultancy,https://www.facebook.com/Biofloc-Equipments-and-Consultancy-104333538179549/
"সূহা এগ্রো ফিসল্যান্ড ""Biofloc Technology In Bangladesh""",https://www.facebook.com/Yeasin6565/
Biofloc fish farm rangpur,https://www.facebook.com/Mdmehedihassanheaven/
K.I. Fish Farm & Biofloc Technology,https://www.facebook.com/KI-Fish-Farm-Biofloc-Technology-106482834422174/
Biofloc product sell,https://www.facebook.com/Biofloc-product-sell-113864026668862/
Study In Bangladesh,https://www.facebook.com/StudyInBangladesh24/
Original Biomanix in Bangladesh,https://www.facebook.com/Biomanixdhaka/
News Biofloc BD,https://www.facebook.com/newsbioflocbd/
Original Watch Bangladesh,https://www.facebook.com/originalwatchbangladesh/
Better Life Agro & Biofloc fish farm,https://www.facebook.com/BetterLifeMartbd/
